<?xml version="1.0" encoding="UTF-8"?>
<player density="30" friction="0.01" xvelocity="10" yvelocity="12.5" file="C:\Games\WW\Resources\tileset.png">
	<hud file="C:\Games\WW\Resources\hud.png">
		<live x="10" y="10" srcX="0" srcY="0" srcWidth="80" srcHeight="80"/>
	</hud>
	<animation defimgx="0" defimgy="0" defimgwidth="70" defimgheight="105" initstate="stay_right">
		<stay_right speed="10">
			<image x="0" y="0" width="70" height="105"/>
			<image x="70" y="0" width="70" height="105"/>
			<image x="140" y="0" width="70" height="105"/>
			<image x="210" y="0" width="70" height="105"/>
			<image x="280" y="0" width="70" height="105"/>
			<image x="350" y="0" width="70" height="105"/>
			<image x="420" y="0" width="70" height="105"/>
			<image x="490" y="0" width="70" height="105"/>
			<image x="560" y="0" width="70" height="105"/>
			<image x="630" y="0" width="70" height="105"/>
		</stay_right>
		<stay_left speed="10">
			<image x="70" y="0" width="-70" height="105"/>
			<image x="140" y="0" width="-70" height="105"/>
			<image x="210" y="0" width="-70" height="105"/>
			<image x="280" y="0" width="-70" height="105"/>
			<image x="350" y="0" width="-70" height="105"/>
			<image x="420" y="0" width="-70" height="105"/>
			<image x="490" y="0" width="-70" height="105"/>
			<image x="560" y="0" width="-70" height="105"/>
			<image x="630" y="0" width="-70" height="105"/>
			<image x="700" y="0" width="-70" height="105"/>
		</stay_left>
		<move_right speed="10">
			<image x="0" y="105" width="70" height="105"/>
			<image x="70" y="105" width="70" height="105"/>
			<image x="140" y="105" width="70" height="105"/>
			<image x="210" y="105" width="70" height="105"/>
			<image x="280" y="105" width="70" height="105"/>
			<image x="350" y="105" width="70" height="105"/>
			<image x="420" y="105" width="70" height="105"/>
			<image x="490" y="105" width="70" height="105"/>
		</move_right>
		<move_left speed="10">
			<image x="70" y="105" width="-70" height="105"/>
			<image x="140" y="105" width="-70" height="105"/>
			<image x="210" y="105" width="-70" height="105"/>
			<image x="280" y="105" width="-70" height="105"/>
			<image x="350" y="105" width="-70" height="105"/>
			<image x="420" y="105" width="-70" height="105"/>
			<image x="490" y="105" width="-70" height="105"/>
			<image x="560" y="105" width="-70" height="105"/>
		</move_left>
		<jump_right speed="6">
			<image x="0" y="210" width="70" height="105"/>
			<image x="70" y="210" width="70" height="105"/>
			<image x="140" y="210" width="70" height="105"/>
			<image x="210" y="210" width="70" height="105"/>
			<image x="280" y="210" width="70" height="105"/>
			<image x="350" y="210" width="70" height="105"/>
			<image x="420" y="210" width="70" height="105"/>
			<image x="490" y="210" width="70" height="105"/>
		</jump_right>
		<jump_left speed="6">
			<image x="70" y="210" width="-70" height="105"/>
			<image x="140" y="210" width="-70" height="105"/>
			<image x="210" y="210" width="-70" height="105"/>
			<image x="280" y="210" width="-70" height="105"/>
			<image x="350" y="210" width="-70" height="105"/>
			<image x="420" y="210" width="-70" height="105"/>
			<image x="490" y="210" width="-70" height="105"/>
			<image x="560" y="210" width="-70" height="105"/>
		</jump_left>
		<fall_right speed="6">
			<image x="0" y="315" width="70" height="105"/>
			<image x="70" y="315" width="70" height="105"/>
			<image x="140" y="315" width="70" height="105"/>
			<image x="210" y="315" width="70" height="105"/>
			<image x="280" y="315" width="70" height="105"/>
			<image x="350" y="315" width="70" height="105"/>
			<image x="420" y="315" width="70" height="105"/>
			<image x="490" y="315" width="70" height="105"/>
		</fall_right>
		<fall_left speed="6">
			<image x="70" y="315" width="-70" height="105"/>
			<image x="140" y="315" width="-70" height="105"/>
			<image x="210" y="315" width="-70" height="105"/>
			<image x="280" y="315" width="-70" height="105"/>
			<image x="350" y="315" width="-70" height="105"/>
			<image x="420" y="315" width="-70" height="105"/>
			<image x="490" y="315" width="-70" height="105"/>
			<image x="560" y="315" width="-70" height="105"/>
		</fall_left>
	</animation>
</player>